{ "indexes" : [ { "v" : 1, "key" : { "_id" : 1 }, "ns" : "labs_heartbeat_backend.event", "name" : "_id_" }, { "v" : 1, "key" : { "event_timestamp" : 1 }, "ns" : "labs_heartbeat_backend.event", "name" : "idx_event_timestamp", "dropDups" : false, "background" : false }, { "v" : 1, "key" : { "event_key" : 1 }, "ns" : "labs_heartbeat_backend.event", "name" : "idx_event_key", "dropDups" : false, "background" : false }, { "v" : 1, "key" : { "event_tags" : 1 }, "ns" : "labs_heartbeat_backend.event", "name" : "idx_event_tags", "dropDups" : false, "background" : false } ] }